{
  "msg": "(see 0 ((f c) 25 0 0 0) ((f r t) 84.8 -24) ((f r b) 84.8 24) ((f g r b) 77.5 5) ((g r) 77.5 0) ((f g r t) 77.5 -5) ((f p r b) 64.1 18) ((f p r c) 60.9 0) ((f p r t) 64.1 -18) ((f t r 20) 59.7 -41) ((f t r 30) 67.4 -35) ((f t r 40) 75.9 -31) ((f t r 50) 84.8 -27) ((f b r 20) 59.7 41) ((f b r 30) 67.4 35) ((f b r 40) 75.9 31) ((f b r 50) 84.8 27) ((f r 0) 82.3 0) ((f r t 10) 83.1 -7) ((f r t 20) 84.8 -14) ((f r t 30) 87.4 -20) ((f r b 10) 83.1 7) ((f r b 20) 84.8 14) ((f r b 30) 87.4 20) ((b) 24.5 0 -0 0) ((p \"FCB\" 5) 11 -27 0 0 0 0) ((p \"RMA\") 40.4 0) ((l r) 77.5 90))",
  "p": [
    0,
    { "p": [25, 0, 0, 0], "cmd": { "p": ["f", "c"] } },
    { "p": [84.8, -24], "cmd": { "p": ["f", "r", "t"] } },
    { "p": [84.8, 24], "cmd": { "p": ["f", "r", "b"] } },
    { "p": [77.5, 5], "cmd": { "p": ["f", "g", "r", "b"] } },
    { "p": [77.5, 0], "cmd": { "p": ["g", "r"] } },
    { "p": [77.5, -5], "cmd": { "p": ["f", "g", "r", "t"] } },
    { "p": [64.1, 18], "cmd": { "p": ["f", "p", "r", "b"] } },
    { "p": [60.9, 0], "cmd": { "p": ["f", "p", "r", "c"] } },
    { "p": [64.1, -18], "cmd": { "p": ["f", "p", "r", "t"] } },
    { "p": [59.7, -41], "cmd": { "p": ["f", "t", "r", 20] } },
    { "p": [67.4, -35], "cmd": { "p": ["f", "t", "r", 30] } },
    { "p": [75.9, -31], "cmd": { "p": ["f", "t", "r", 40] } },
    { "p": [84.8, -27], "cmd": { "p": ["f", "t", "r", 50] } },
    { "p": [59.7, 41], "cmd": { "p": ["f", "b", "r", 20] } },
    { "p": [67.4, 35], "cmd": { "p": ["f", "b", "r", 30] } },
    { "p": [75.9, 31], "cmd": { "p": ["f", "b", "r", 40] } },
    { "p": [84.8, 27], "cmd": { "p": ["f", "b", "r", 50] } },
    { "p": [82.3, 0], "cmd": { "p": ["f", "r", 0] } },
    { "p": [83.1, -7], "cmd": { "p": ["f", "r", "t", 10] } },
    { "p": [84.8, -14], "cmd": { "p": ["f", "r", "t", 20] } },
    { "p": [87.4, -20], "cmd": { "p": ["f", "r", "t", 30] } },
    { "p": [83.1, 7], "cmd": { "p": ["f", "r", "b", 10] } },
    { "p": [84.8, 14], "cmd": { "p": ["f", "r", "b", 20] } },
    { "p": [87.4, 20], "cmd": { "p": ["f", "r", "b", 30] } },
    { "p": [24.5, 0, 0, 0], "cmd": { "p": ["b"] } },
    { "p": [11, -27, 0, 0, 0, 0], "cmd": { "p": ["p", "\"FCB\"", 5] } },
    { "p": [40.4, 0], "cmd": { "p": ["p", "\"RMA\""] } },
    { "p": [77.5, 90], "cmd": { "p": ["l", "r"] } }
  ],
  "cmd": "see"
}
